<?xml version="1.0" encoding="utf-8" standalone="no"?>
<modDesc descVersion="97" xmlns:xsi="http://www.w3.org/2001/XMLSchema-instance" xsi:noNamespaceSchemaLocation="https://validation.gdn.giants-software.com/xml/fs25/modDesc.xsd">
    <author>Gustavas</author>
    <version>1.0.0.0</version>
    <title>
        <en>SmartAgrometer</en>
    </title>

    <description>
<en>SmartAgrometer</en>
    </description>

    <iconFilename>StoreLogo.dds</iconFilename>

    <multiplayer supported="true"/>

    <storeItems>
        <storeItem xmlFilename="handTool.xml"/>
    </storeItems>
</modDesc>